<additional xmlns:xsi="http://www.w3.org/2001/XMLSchema-instance" xsi:noNamespaceSchemaLocation="http://sumo.dlr.de/xsd/additional_file.xsd">
    <vTypeDistribution id="vehDist">
        <vType id="vehDist0" accel="0.825" maxSpeed="9.397" decel="0.147" speedDev="0.000" speedFactor="4.000" vClass="bicycle">
            <param key="has.fcd.device" value="true"/>
        </vType>
        <vType id="vehDist1" accel="1.679" maxSpeed="8.773" decel="0.771" speedDev="0.000" speedFactor="4.000" vClass="bicycle">
            <param key="has.fcd.device" value="true"/>
        </vType>
        <vType id="vehDist2" accel="1.038" maxSpeed="11.193" decel="0.661" speedDev="0.000" speedFactor="4.000" vClass="bicycle">
            <param key="has.fcd.device" value="true"/>
        </vType>
        <vType id="vehDist3" accel="1.007" maxSpeed="12.388" decel="0.275" speedDev="0.000" speedFactor="4.000" vClass="bicycle">
            <param key="has.fcd.device" value="true"/>
        </vType>
        <vType id="vehDist4" accel="1.717" maxSpeed="9.076" decel="0.511" speedDev="0.000" speedFactor="4.000" vClass="bicycle">
            <param key="has.fcd.device" value="true"/>
        </vType>
        <vType id="vehDist5" accel="1.326" maxSpeed="8.506" decel="0.770" speedDev="0.000" speedFactor="4.000" vClass="bicycle">
            <param key="has.fcd.device" value="true"/>
        </vType>
        <vType id="vehDist6" accel="1.086" maxSpeed="8.033" decel="0.109" speedDev="0.000" speedFactor="4.000" vClass="bicycle">
            <param key="has.fcd.device" value="true"/>
        </vType>
        <vType id="vehDist7" accel="1.133" maxSpeed="8.059" decel="0.649" speedDev="0.000" speedFactor="4.000" vClass="bicycle">
            <param key="has.fcd.device" value="true"/>
        </vType>
        <vType id="vehDist8" accel="1.372" maxSpeed="8.745" decel="0.126" speedDev="0.000" speedFactor="4.000" vClass="bicycle">
            <param key="has.fcd.device" value="true"/>
        </vType>
        <vType id="vehDist9" accel="1.280" maxSpeed="8.384" decel="0.124" speedDev="0.000" speedFactor="4.000" vClass="bicycle">
            <param key="has.fcd.device" value="true"/>
        </vType>
        <vType id="vehDist10" accel="0.956" maxSpeed="10.467" decel="0.418" speedDev="0.000" speedFactor="4.000" vClass="bicycle">
            <param key="has.fcd.device" value="true"/>
        </vType>
        <vType id="vehDist11" accel="1.214" maxSpeed="9.975" decel="0.241" speedDev="0.000" speedFactor="4.000" vClass="bicycle">
            <param key="has.fcd.device" value="true"/>
        </vType>
        <vType id="vehDist12" accel="1.382" maxSpeed="10.926" decel="0.201" speedDev="0.000" speedFactor="4.000" vClass="bicycle">
            <param key="has.fcd.device" value="true"/>
        </vType>
        <vType id="vehDist13" accel="0.796" maxSpeed="8.276" decel="0.200" speedDev="0.000" speedFactor="4.000" vClass="bicycle">
            <param key="has.fcd.device" value="true"/>
        </vType>
        <vType id="vehDist14" accel="0.937" maxSpeed="9.305" decel="0.667" speedDev="0.000" speedFactor="4.000" vClass="bicycle">
            <param key="has.fcd.device" value="true"/>
        </vType>
        <vType id="vehDist15" accel="1.049" maxSpeed="8.742" decel="0.327" speedDev="0.000" speedFactor="4.000" vClass="bicycle">
            <param key="has.fcd.device" value="true"/>
        </vType>
        <vType id="vehDist16" accel="1.524" maxSpeed="9.288" decel="0.149" speedDev="0.000" speedFactor="4.000" vClass="bicycle">
            <param key="has.fcd.device" value="true"/>
        </vType>
        <vType id="vehDist17" accel="1.369" maxSpeed="9.021" decel="0.065" speedDev="0.000" speedFactor="4.000" vClass="bicycle">
            <param key="has.fcd.device" value="true"/>
        </vType>
        <vType id="vehDist18" accel="0.695" maxSpeed="7.667" decel="0.665" speedDev="0.000" speedFactor="4.000" vClass="bicycle">
            <param key="has.fcd.device" value="true"/>
        </vType>
        <vType id="vehDist19" accel="0.914" maxSpeed="8.267" decel="0.208" speedDev="0.000" speedFactor="4.000" vClass="bicycle">
            <param key="has.fcd.device" value="true"/>
        </vType>
        <vType id="vehDist20" accel="1.492" maxSpeed="8.237" decel="0.117" speedDev="0.000" speedFactor="4.000" vClass="bicycle">
            <param key="has.fcd.device" value="true"/>
        </vType>
        <vType id="vehDist21" accel="1.193" maxSpeed="10.001" decel="0.058" speedDev="0.000" speedFactor="4.000" vClass="bicycle">
            <param key="has.fcd.device" value="true"/>
        </vType>
        <vType id="vehDist22" accel="1.559" maxSpeed="7.956" decel="0.123" speedDev="0.000" speedFactor="4.000" vClass="bicycle">
            <param key="has.fcd.device" value="true"/>
        </vType>
        <vType id="vehDist23" accel="1.123" maxSpeed="9.840" decel="0.129" speedDev="0.000" speedFactor="4.000" vClass="bicycle">
            <param key="has.fcd.device" value="true"/>
        </vType>
        <vType id="vehDist24" accel="1.293" maxSpeed="8.121" decel="0.265" speedDev="0.000" speedFactor="4.000" vClass="bicycle">
            <param key="has.fcd.device" value="true"/>
        </vType>
        <vType id="vehDist25" accel="1.054" maxSpeed="8.135" decel="0.128" speedDev="0.000" speedFactor="4.000" vClass="bicycle">
            <param key="has.fcd.device" value="true"/>
        </vType>
        <vType id="vehDist26" accel="1.042" maxSpeed="8.551" decel="0.603" speedDev="0.000" speedFactor="4.000" vClass="bicycle">
            <param key="has.fcd.device" value="true"/>
        </vType>
        <vType id="vehDist27" accel="0.979" maxSpeed="8.426" decel="0.291" speedDev="0.000" speedFactor="4.000" vClass="bicycle">
            <param key="has.fcd.device" value="true"/>
        </vType>
        <vType id="vehDist28" accel="1.129" maxSpeed="8.569" decel="0.581" speedDev="0.000" speedFactor="4.000" vClass="bicycle">
            <param key="has.fcd.device" value="true"/>
        </vType>
        <vType id="vehDist29" accel="1.025" maxSpeed="11.116" decel="0.694" speedDev="0.000" speedFactor="4.000" vClass="bicycle">
            <param key="has.fcd.device" value="true"/>
        </vType>
        <vType id="vehDist30" accel="1.052" maxSpeed="8.317" decel="0.335" speedDev="0.000" speedFactor="4.000" vClass="bicycle">
            <param key="has.fcd.device" value="true"/>
        </vType>
        <vType id="vehDist31" accel="0.942" maxSpeed="9.675" decel="0.192" speedDev="0.000" speedFactor="4.000" vClass="bicycle">
            <param key="has.fcd.device" value="true"/>
        </vType>
        <vType id="vehDist32" accel="1.145" maxSpeed="11.637" decel="0.464" speedDev="0.000" speedFactor="4.000" vClass="bicycle">
            <param key="has.fcd.device" value="true"/>
        </vType>
        <vType id="vehDist33" accel="1.691" maxSpeed="9.228" decel="0.084" speedDev="0.000" speedFactor="4.000" vClass="bicycle">
            <param key="has.fcd.device" value="true"/>
        </vType>
        <vType id="vehDist34" accel="1.584" maxSpeed="8.871" decel="0.770" speedDev="0.000" speedFactor="4.000" vClass="bicycle">
            <param key="has.fcd.device" value="true"/>
        </vType>
        <vType id="vehDist35" accel="0.665" maxSpeed="8.334" decel="0.778" speedDev="0.000" speedFactor="4.000" vClass="bicycle">
            <param key="has.fcd.device" value="true"/>
        </vType>
        <vType id="vehDist36" accel="0.793" maxSpeed="8.811" decel="0.202" speedDev="0.000" speedFactor="4.000" vClass="bicycle">
            <param key="has.fcd.device" value="true"/>
        </vType>
        <vType id="vehDist37" accel="1.232" maxSpeed="10.522" decel="0.502" speedDev="0.000" speedFactor="4.000" vClass="bicycle">
            <param key="has.fcd.device" value="true"/>
        </vType>
        <vType id="vehDist38" accel="1.198" maxSpeed="10.072" decel="0.167" speedDev="0.000" speedFactor="4.000" vClass="bicycle">
            <param key="has.fcd.device" value="true"/>
        </vType>
        <vType id="vehDist39" accel="0.764" maxSpeed="8.219" decel="0.303" speedDev="0.000" speedFactor="4.000" vClass="bicycle">
            <param key="has.fcd.device" value="true"/>
        </vType>
        <vType id="vehDist40" accel="1.110" maxSpeed="9.689" decel="0.351" speedDev="0.000" speedFactor="4.000" vClass="bicycle">
            <param key="has.fcd.device" value="true"/>
        </vType>
        <vType id="vehDist41" accel="1.421" maxSpeed="9.620" decel="0.345" speedDev="0.000" speedFactor="4.000" vClass="bicycle">
            <param key="has.fcd.device" value="true"/>
        </vType>
        <vType id="vehDist42" accel="1.619" maxSpeed="10.619" decel="0.503" speedDev="0.000" speedFactor="4.000" vClass="bicycle">
            <param key="has.fcd.device" value="true"/>
        </vType>
        <vType id="vehDist43" accel="1.305" maxSpeed="8.828" decel="0.181" speedDev="0.000" speedFactor="4.000" vClass="bicycle">
            <param key="has.fcd.device" value="true"/>
        </vType>
        <vType id="vehDist44" accel="1.520" maxSpeed="9.476" decel="0.143" speedDev="0.000" speedFactor="4.000" vClass="bicycle">
            <param key="has.fcd.device" value="true"/>
        </vType>
        <vType id="vehDist45" accel="1.515" maxSpeed="8.372" decel="0.346" speedDev="0.000" speedFactor="4.000" vClass="bicycle">
            <param key="has.fcd.device" value="true"/>
        </vType>
        <vType id="vehDist46" accel="1.296" maxSpeed="7.945" decel="0.131" speedDev="0.000" speedFactor="4.000" vClass="bicycle">
            <param key="has.fcd.device" value="true"/>
        </vType>
        <vType id="vehDist47" accel="0.800" maxSpeed="8.904" decel="0.725" speedDev="0.000" speedFactor="4.000" vClass="bicycle">
            <param key="has.fcd.device" value="true"/>
        </vType>
        <vType id="vehDist48" accel="1.442" maxSpeed="8.637" decel="0.728" speedDev="0.000" speedFactor="4.000" vClass="bicycle">
            <param key="has.fcd.device" value="true"/>
        </vType>
        <vType id="vehDist49" accel="0.652" maxSpeed="7.884" decel="0.509" speedDev="0.000" speedFactor="4.000" vClass="bicycle">
            <param key="has.fcd.device" value="true"/>
        </vType>
        <vType id="vehDist50" accel="1.629" maxSpeed="8.429" decel="0.401" speedDev="0.000" speedFactor="4.000" vClass="bicycle">
            <param key="has.fcd.device" value="true"/>
        </vType>
        <vType id="vehDist51" accel="1.265" maxSpeed="8.403" decel="0.167" speedDev="0.000" speedFactor="4.000" vClass="bicycle">
            <param key="has.fcd.device" value="true"/>
        </vType>
        <vType id="vehDist52" accel="1.361" maxSpeed="8.334" decel="0.327" speedDev="0.000" speedFactor="4.000" vClass="bicycle">
            <param key="has.fcd.device" value="true"/>
        </vType>
        <vType id="vehDist53" accel="1.428" maxSpeed="9.153" decel="0.296" speedDev="0.000" speedFactor="4.000" vClass="bicycle">
            <param key="has.fcd.device" value="true"/>
        </vType>
        <vType id="vehDist54" accel="0.755" maxSpeed="7.835" decel="0.346" speedDev="0.000" speedFactor="4.000" vClass="bicycle">
            <param key="has.fcd.device" value="true"/>
        </vType>
        <vType id="vehDist55" accel="1.049" maxSpeed="8.273" decel="0.327" speedDev="0.000" speedFactor="4.000" vClass="bicycle">
            <param key="has.fcd.device" value="true"/>
        </vType>
        <vType id="vehDist56" accel="0.606" maxSpeed="9.725" decel="0.316" speedDev="0.000" speedFactor="4.000" vClass="bicycle">
            <param key="has.fcd.device" value="true"/>
        </vType>
        <vType id="vehDist57" accel="1.707" maxSpeed="7.629" decel="0.085" speedDev="0.000" speedFactor="4.000" vClass="bicycle">
            <param key="has.fcd.device" value="true"/>
        </vType>
        <vType id="vehDist58" accel="0.617" maxSpeed="9.263" decel="0.406" speedDev="0.000" speedFactor="4.000" vClass="bicycle">
            <param key="has.fcd.device" value="true"/>
        </vType>
        <vType id="vehDist59" accel="0.960" maxSpeed="9.003" decel="0.257" speedDev="0.000" speedFactor="4.000" vClass="bicycle">
            <param key="has.fcd.device" value="true"/>
        </vType>
        <vType id="vehDist60" accel="1.066" maxSpeed="10.385" decel="0.290" speedDev="0.000" speedFactor="4.000" vClass="bicycle">
            <param key="has.fcd.device" value="true"/>
        </vType>
        <vType id="vehDist61" accel="1.580" maxSpeed="9.662" decel="0.432" speedDev="0.000" speedFactor="4.000" vClass="bicycle">
            <param key="has.fcd.device" value="true"/>
        </vType>
        <vType id="vehDist62" accel="0.824" maxSpeed="8.456" decel="0.067" speedDev="0.000" speedFactor="4.000" vClass="bicycle">
            <param key="has.fcd.device" value="true"/>
        </vType>
        <vType id="vehDist63" accel="1.241" maxSpeed="11.364" decel="0.585" speedDev="0.000" speedFactor="4.000" vClass="bicycle">
            <param key="has.fcd.device" value="true"/>
        </vType>
        <vType id="vehDist64" accel="0.874" maxSpeed="8.364" decel="0.115" speedDev="0.000" speedFactor="4.000" vClass="bicycle">
            <param key="has.fcd.device" value="true"/>
        </vType>
        <vType id="vehDist65" accel="1.308" maxSpeed="8.284" decel="0.350" speedDev="0.000" speedFactor="4.000" vClass="bicycle">
            <param key="has.fcd.device" value="true"/>
        </vType>
        <vType id="vehDist66" accel="1.007" maxSpeed="9.164" decel="0.680" speedDev="0.000" speedFactor="4.000" vClass="bicycle">
            <param key="has.fcd.device" value="true"/>
        </vType>
        <vType id="vehDist67" accel="1.591" maxSpeed="10.952" decel="0.780" speedDev="0.000" speedFactor="4.000" vClass="bicycle">
            <param key="has.fcd.device" value="true"/>
        </vType>
        <vType id="vehDist68" accel="0.710" maxSpeed="9.266" decel="0.321" speedDev="0.000" speedFactor="4.000" vClass="bicycle">
            <param key="has.fcd.device" value="true"/>
        </vType>
        <vType id="vehDist69" accel="1.269" maxSpeed="7.816" decel="0.546" speedDev="0.000" speedFactor="4.000" vClass="bicycle">
            <param key="has.fcd.device" value="true"/>
        </vType>
        <vType id="vehDist70" accel="1.224" maxSpeed="7.560" decel="0.666" speedDev="0.000" speedFactor="4.000" vClass="bicycle">
            <param key="has.fcd.device" value="true"/>
        </vType>
        <vType id="vehDist71" accel="1.366" maxSpeed="8.509" decel="0.248" speedDev="0.000" speedFactor="4.000" vClass="bicycle">
            <param key="has.fcd.device" value="true"/>
        </vType>
        <vType id="vehDist72" accel="1.044" maxSpeed="8.990" decel="0.059" speedDev="0.000" speedFactor="4.000" vClass="bicycle">
            <param key="has.fcd.device" value="true"/>
        </vType>
        <vType id="vehDist73" accel="1.464" maxSpeed="7.727" decel="0.240" speedDev="0.000" speedFactor="4.000" vClass="bicycle">
            <param key="has.fcd.device" value="true"/>
        </vType>
        <vType id="vehDist74" accel="0.661" maxSpeed="10.136" decel="0.138" speedDev="0.000" speedFactor="4.000" vClass="bicycle">
            <param key="has.fcd.device" value="true"/>
        </vType>
        <vType id="vehDist75" accel="1.094" maxSpeed="8.027" decel="0.663" speedDev="0.000" speedFactor="4.000" vClass="bicycle">
            <param key="has.fcd.device" value="true"/>
        </vType>
        <vType id="vehDist76" accel="0.721" maxSpeed="8.446" decel="0.379" speedDev="0.000" speedFactor="4.000" vClass="bicycle">
            <param key="has.fcd.device" value="true"/>
        </vType>
        <vType id="vehDist77" accel="1.091" maxSpeed="10.018" decel="0.210" speedDev="0.000" speedFactor="4.000" vClass="bicycle">
            <param key="has.fcd.device" value="true"/>
        </vType>
        <vType id="vehDist78" accel="1.694" maxSpeed="8.226" decel="0.221" speedDev="0.000" speedFactor="4.000" vClass="bicycle">
            <param key="has.fcd.device" value="true"/>
        </vType>
        <vType id="vehDist79" accel="0.911" maxSpeed="8.978" decel="0.475" speedDev="0.000" speedFactor="4.000" vClass="bicycle">
            <param key="has.fcd.device" value="true"/>
        </vType>
        <vType id="vehDist80" accel="0.793" maxSpeed="8.071" decel="0.611" speedDev="0.000" speedFactor="4.000" vClass="bicycle">
            <param key="has.fcd.device" value="true"/>
        </vType>
        <vType id="vehDist81" accel="0.910" maxSpeed="9.742" decel="0.472" speedDev="0.000" speedFactor="4.000" vClass="bicycle">
            <param key="has.fcd.device" value="true"/>
        </vType>
        <vType id="vehDist82" accel="0.818" maxSpeed="8.737" decel="0.142" speedDev="0.000" speedFactor="4.000" vClass="bicycle">
            <param key="has.fcd.device" value="true"/>
        </vType>
        <vType id="vehDist83" accel="1.480" maxSpeed="11.458" decel="0.280" speedDev="0.000" speedFactor="4.000" vClass="bicycle">
            <param key="has.fcd.device" value="true"/>
        </vType>
        <vType id="vehDist84" accel="0.789" maxSpeed="7.937" decel="0.329" speedDev="0.000" speedFactor="4.000" vClass="bicycle">
            <param key="has.fcd.device" value="true"/>
        </vType>
        <vType id="vehDist85" accel="1.531" maxSpeed="9.052" decel="0.192" speedDev="0.000" speedFactor="4.000" vClass="bicycle">
            <param key="has.fcd.device" value="true"/>
        </vType>
        <vType id="vehDist86" accel="1.549" maxSpeed="8.239" decel="0.214" speedDev="0.000" speedFactor="4.000" vClass="bicycle">
            <param key="has.fcd.device" value="true"/>
        </vType>
        <vType id="vehDist87" accel="1.386" maxSpeed="10.579" decel="0.377" speedDev="0.000" speedFactor="4.000" vClass="bicycle">
            <param key="has.fcd.device" value="true"/>
        </vType>
        <vType id="vehDist88" accel="0.908" maxSpeed="8.049" decel="0.326" speedDev="0.000" speedFactor="4.000" vClass="bicycle">
            <param key="has.fcd.device" value="true"/>
        </vType>
        <vType id="vehDist89" accel="0.967" maxSpeed="9.190" decel="0.080" speedDev="0.000" speedFactor="4.000" vClass="bicycle">
            <param key="has.fcd.device" value="true"/>
        </vType>
        <vType id="vehDist90" accel="0.993" maxSpeed="7.949" decel="0.700" speedDev="0.000" speedFactor="4.000" vClass="bicycle">
            <param key="has.fcd.device" value="true"/>
        </vType>
        <vType id="vehDist91" accel="1.052" maxSpeed="9.662" decel="0.068" speedDev="0.000" speedFactor="4.000" vClass="bicycle">
            <param key="has.fcd.device" value="true"/>
        </vType>
        <vType id="vehDist92" accel="0.948" maxSpeed="9.750" decel="0.122" speedDev="0.000" speedFactor="4.000" vClass="bicycle">
            <param key="has.fcd.device" value="true"/>
        </vType>
        <vType id="vehDist93" accel="0.966" maxSpeed="9.122" decel="0.466" speedDev="0.000" speedFactor="4.000" vClass="bicycle">
            <param key="has.fcd.device" value="true"/>
        </vType>
        <vType id="vehDist94" accel="1.071" maxSpeed="9.348" decel="0.082" speedDev="0.000" speedFactor="4.000" vClass="bicycle">
            <param key="has.fcd.device" value="true"/>
        </vType>
        <vType id="vehDist95" accel="1.034" maxSpeed="11.048" decel="0.101" speedDev="0.000" speedFactor="4.000" vClass="bicycle">
            <param key="has.fcd.device" value="true"/>
        </vType>
        <vType id="vehDist96" accel="0.706" maxSpeed="9.388" decel="0.090" speedDev="0.000" speedFactor="4.000" vClass="bicycle">
            <param key="has.fcd.device" value="true"/>
        </vType>
        <vType id="vehDist97" accel="1.232" maxSpeed="10.562" decel="0.396" speedDev="0.000" speedFactor="4.000" vClass="bicycle">
            <param key="has.fcd.device" value="true"/>
        </vType>
        <vType id="vehDist98" accel="1.343" maxSpeed="7.777" decel="0.406" speedDev="0.000" speedFactor="4.000" vClass="bicycle">
            <param key="has.fcd.device" value="true"/>
        </vType>
        <vType id="vehDist99" accel="1.743" maxSpeed="9.028" decel="0.180" speedDev="0.000" speedFactor="4.000" vClass="bicycle">
            <param key="has.fcd.device" value="true"/>
        </vType>
    </vTypeDistribution>
</additional>
