<additional xmlns:xsi="http://www.w3.org/2001/XMLSchema-instance" xsi:noNamespaceSchemaLocation="http://sumo.dlr.de/xsd/additional_file.xsd">
    <vTypeDistribution id="vehDist">
        <vType id="vehDist0" accel="1.133" maxSpeed="fisk(4.40, 4.63, 2.74)" decel="0.650" speedDev="0.000" speedFactor="4.000" vClass="bicycle">
            <param key="has.fcd.device" value="true"/>
        </vType>
        <vType id="vehDist1" accel="1.268" maxSpeed="fisk(4.40, 4.63, 2.74)" decel="0.092" speedDev="0.000" speedFactor="4.000" vClass="bicycle">
            <param key="has.fcd.device" value="true"/>
        </vType>
        <vType id="vehDist2" accel="0.357" maxSpeed="fisk(4.40, 4.63, 2.74)" decel="0.129" speedDev="0.000" speedFactor="4.000" vClass="bicycle">
            <param key="has.fcd.device" value="true"/>
        </vType>
        <vType id="vehDist3" accel="0.677" maxSpeed="fisk(4.40, 4.63, 2.74)" decel="0.501" speedDev="0.000" speedFactor="4.000" vClass="bicycle">
            <param key="has.fcd.device" value="true"/>
        </vType>
        <vType id="vehDist4" accel="0.366" maxSpeed="fisk(4.40, 4.63, 2.74)" decel="0.095" speedDev="0.000" speedFactor="4.000" vClass="bicycle">
            <param key="has.fcd.device" value="true"/>
        </vType>
        <vType id="vehDist5" accel="0.561" maxSpeed="fisk(4.40, 4.63, 2.74)" decel="0.156" speedDev="0.000" speedFactor="4.000" vClass="bicycle">
            <param key="has.fcd.device" value="true"/>
        </vType>
        <vType id="vehDist6" accel="0.547" maxSpeed="fisk(4.40, 4.63, 2.74)" decel="0.703" speedDev="0.000" speedFactor="4.000" vClass="bicycle">
            <param key="has.fcd.device" value="true"/>
        </vType>
        <vType id="vehDist7" accel="0.977" maxSpeed="fisk(4.40, 4.63, 2.74)" decel="0.076" speedDev="0.000" speedFactor="4.000" vClass="bicycle">
            <param key="has.fcd.device" value="true"/>
        </vType>
        <vType id="vehDist8" accel="0.954" maxSpeed="fisk(4.40, 4.63, 2.74)" decel="0.314" speedDev="0.000" speedFactor="4.000" vClass="bicycle">
            <param key="has.fcd.device" value="true"/>
        </vType>
        <vType id="vehDist9" accel="1.012" maxSpeed="fisk(4.40, 4.63, 2.74)" decel="0.285" speedDev="0.000" speedFactor="4.000" vClass="bicycle">
            <param key="has.fcd.device" value="true"/>
        </vType>
        <vType id="vehDist10" accel="0.486" maxSpeed="fisk(4.40, 4.63, 2.74)" decel="0.259" speedDev="0.000" speedFactor="4.000" vClass="bicycle">
            <param key="has.fcd.device" value="true"/>
        </vType>
        <vType id="vehDist11" accel="0.682" maxSpeed="fisk(4.40, 4.63, 2.74)" decel="0.204" speedDev="0.000" speedFactor="4.000" vClass="bicycle">
            <param key="has.fcd.device" value="true"/>
        </vType>
        <vType id="vehDist12" accel="0.835" maxSpeed="fisk(4.40, 4.63, 2.74)" decel="0.235" speedDev="0.000" speedFactor="4.000" vClass="bicycle">
            <param key="has.fcd.device" value="true"/>
        </vType>
        <vType id="vehDist13" accel="1.154" maxSpeed="fisk(4.40, 4.63, 2.74)" decel="0.390" speedDev="0.000" speedFactor="4.000" vClass="bicycle">
            <param key="has.fcd.device" value="true"/>
        </vType>
        <vType id="vehDist14" accel="0.925" maxSpeed="fisk(4.40, 4.63, 2.74)" decel="0.632" speedDev="0.000" speedFactor="4.000" vClass="bicycle">
            <param key="has.fcd.device" value="true"/>
        </vType>
        <vType id="vehDist15" accel="0.583" maxSpeed="fisk(4.40, 4.63, 2.74)" decel="0.105" speedDev="0.000" speedFactor="4.000" vClass="bicycle">
            <param key="has.fcd.device" value="true"/>
        </vType>
        <vType id="vehDist16" accel="0.643" maxSpeed="fisk(4.40, 4.63, 2.74)" decel="0.374" speedDev="0.000" speedFactor="4.000" vClass="bicycle">
            <param key="has.fcd.device" value="true"/>
        </vType>
        <vType id="vehDist17" accel="0.342" maxSpeed="fisk(4.40, 4.63, 2.74)" decel="0.644" speedDev="0.000" speedFactor="4.000" vClass="bicycle">
            <param key="has.fcd.device" value="true"/>
        </vType>
        <vType id="vehDist18" accel="1.260" maxSpeed="fisk(4.40, 4.63, 2.74)" decel="0.201" speedDev="0.000" speedFactor="4.000" vClass="bicycle">
            <param key="has.fcd.device" value="true"/>
        </vType>
        <vType id="vehDist19" accel="1.302" maxSpeed="fisk(4.40, 4.63, 2.74)" decel="0.686" speedDev="0.000" speedFactor="4.000" vClass="bicycle">
            <param key="has.fcd.device" value="true"/>
        </vType>
        <vType id="vehDist20" accel="0.904" maxSpeed="fisk(4.40, 4.63, 2.74)" decel="0.097" speedDev="0.000" speedFactor="4.000" vClass="bicycle">
            <param key="has.fcd.device" value="true"/>
        </vType>
        <vType id="vehDist21" accel="0.565" maxSpeed="fisk(4.40, 4.63, 2.74)" decel="0.117" speedDev="0.000" speedFactor="4.000" vClass="bicycle">
            <param key="has.fcd.device" value="true"/>
        </vType>
        <vType id="vehDist22" accel="0.430" maxSpeed="fisk(4.40, 4.63, 2.74)" decel="0.369" speedDev="0.000" speedFactor="4.000" vClass="bicycle">
            <param key="has.fcd.device" value="true"/>
        </vType>
        <vType id="vehDist23" accel="1.381" maxSpeed="fisk(4.40, 4.63, 2.74)" decel="0.135" speedDev="0.000" speedFactor="4.000" vClass="bicycle">
            <param key="has.fcd.device" value="true"/>
        </vType>
        <vType id="vehDist24" accel="0.538" maxSpeed="fisk(4.40, 4.63, 2.74)" decel="0.492" speedDev="0.000" speedFactor="4.000" vClass="bicycle">
            <param key="has.fcd.device" value="true"/>
        </vType>
        <vType id="vehDist25" accel="0.383" maxSpeed="fisk(4.40, 4.63, 2.74)" decel="0.184" speedDev="0.000" speedFactor="4.000" vClass="bicycle">
            <param key="has.fcd.device" value="true"/>
        </vType>
        <vType id="vehDist26" accel="0.803" maxSpeed="fisk(4.40, 4.63, 2.74)" decel="0.590" speedDev="0.000" speedFactor="4.000" vClass="bicycle">
            <param key="has.fcd.device" value="true"/>
        </vType>
        <vType id="vehDist27" accel="1.101" maxSpeed="fisk(4.40, 4.63, 2.74)" decel="0.449" speedDev="0.000" speedFactor="4.000" vClass="bicycle">
            <param key="has.fcd.device" value="true"/>
        </vType>
        <vType id="vehDist28" accel="0.553" maxSpeed="fisk(4.40, 4.63, 2.74)" decel="0.101" speedDev="0.000" speedFactor="4.000" vClass="bicycle">
            <param key="has.fcd.device" value="true"/>
        </vType>
        <vType id="vehDist29" accel="1.049" maxSpeed="fisk(4.40, 4.63, 2.74)" decel="0.308" speedDev="0.000" speedFactor="4.000" vClass="bicycle">
            <param key="has.fcd.device" value="true"/>
        </vType>
        <vType id="vehDist30" accel="0.396" maxSpeed="fisk(4.40, 4.63, 2.74)" decel="0.113" speedDev="0.000" speedFactor="4.000" vClass="bicycle">
            <param key="has.fcd.device" value="true"/>
        </vType>
        <vType id="vehDist31" accel="1.097" maxSpeed="fisk(4.40, 4.63, 2.74)" decel="0.575" speedDev="0.000" speedFactor="4.000" vClass="bicycle">
            <param key="has.fcd.device" value="true"/>
        </vType>
        <vType id="vehDist32" accel="1.473" maxSpeed="fisk(4.40, 4.63, 2.74)" decel="0.270" speedDev="0.000" speedFactor="4.000" vClass="bicycle">
            <param key="has.fcd.device" value="true"/>
        </vType>
        <vType id="vehDist33" accel="0.895" maxSpeed="fisk(4.40, 4.63, 2.74)" decel="0.776" speedDev="0.000" speedFactor="4.000" vClass="bicycle">
            <param key="has.fcd.device" value="true"/>
        </vType>
        <vType id="vehDist34" accel="1.274" maxSpeed="fisk(4.40, 4.63, 2.74)" decel="0.146" speedDev="0.000" speedFactor="4.000" vClass="bicycle">
            <param key="has.fcd.device" value="true"/>
        </vType>
        <vType id="vehDist35" accel="0.911" maxSpeed="fisk(4.40, 4.63, 2.74)" decel="0.534" speedDev="0.000" speedFactor="4.000" vClass="bicycle">
            <param key="has.fcd.device" value="true"/>
        </vType>
        <vType id="vehDist36" accel="0.666" maxSpeed="fisk(4.40, 4.63, 2.74)" decel="0.309" speedDev="0.000" speedFactor="4.000" vClass="bicycle">
            <param key="has.fcd.device" value="true"/>
        </vType>
        <vType id="vehDist37" accel="1.119" maxSpeed="fisk(4.40, 4.63, 2.74)" decel="0.568" speedDev="0.000" speedFactor="4.000" vClass="bicycle">
            <param key="has.fcd.device" value="true"/>
        </vType>
        <vType id="vehDist38" accel="1.341" maxSpeed="fisk(4.40, 4.63, 2.74)" decel="0.139" speedDev="0.000" speedFactor="4.000" vClass="bicycle">
            <param key="has.fcd.device" value="true"/>
        </vType>
        <vType id="vehDist39" accel="1.252" maxSpeed="fisk(4.40, 4.63, 2.74)" decel="0.090" speedDev="0.000" speedFactor="4.000" vClass="bicycle">
            <param key="has.fcd.device" value="true"/>
        </vType>
        <vType id="vehDist40" accel="0.373" maxSpeed="fisk(4.40, 4.63, 2.74)" decel="0.331" speedDev="0.000" speedFactor="4.000" vClass="bicycle">
            <param key="has.fcd.device" value="true"/>
        </vType>
        <vType id="vehDist41" accel="0.539" maxSpeed="fisk(4.40, 4.63, 2.74)" decel="0.767" speedDev="0.000" speedFactor="4.000" vClass="bicycle">
            <param key="has.fcd.device" value="true"/>
        </vType>
        <vType id="vehDist42" accel="1.092" maxSpeed="fisk(4.40, 4.63, 2.74)" decel="0.458" speedDev="0.000" speedFactor="4.000" vClass="bicycle">
            <param key="has.fcd.device" value="true"/>
        </vType>
        <vType id="vehDist43" accel="1.163" maxSpeed="fisk(4.40, 4.63, 2.74)" decel="0.308" speedDev="0.000" speedFactor="4.000" vClass="bicycle">
            <param key="has.fcd.device" value="true"/>
        </vType>
        <vType id="vehDist44" accel="0.440" maxSpeed="fisk(4.40, 4.63, 2.74)" decel="0.082" speedDev="0.000" speedFactor="4.000" vClass="bicycle">
            <param key="has.fcd.device" value="true"/>
        </vType>
        <vType id="vehDist45" accel="0.704" maxSpeed="fisk(4.40, 4.63, 2.74)" decel="0.450" speedDev="0.000" speedFactor="4.000" vClass="bicycle">
            <param key="has.fcd.device" value="true"/>
        </vType>
        <vType id="vehDist46" accel="0.356" maxSpeed="fisk(4.40, 4.63, 2.74)" decel="0.705" speedDev="0.000" speedFactor="4.000" vClass="bicycle">
            <param key="has.fcd.device" value="true"/>
        </vType>
        <vType id="vehDist47" accel="0.724" maxSpeed="fisk(4.40, 4.63, 2.74)" decel="0.084" speedDev="0.000" speedFactor="4.000" vClass="bicycle">
            <param key="has.fcd.device" value="true"/>
        </vType>
        <vType id="vehDist48" accel="1.055" maxSpeed="fisk(4.40, 4.63, 2.74)" decel="0.679" speedDev="0.000" speedFactor="4.000" vClass="bicycle">
            <param key="has.fcd.device" value="true"/>
        </vType>
        <vType id="vehDist49" accel="0.603" maxSpeed="fisk(4.40, 4.63, 2.74)" decel="0.729" speedDev="0.000" speedFactor="4.000" vClass="bicycle">
            <param key="has.fcd.device" value="true"/>
        </vType>
        <vType id="vehDist50" accel="0.947" maxSpeed="fisk(4.40, 4.63, 2.74)" decel="0.237" speedDev="0.000" speedFactor="4.000" vClass="bicycle">
            <param key="has.fcd.device" value="true"/>
        </vType>
        <vType id="vehDist51" accel="1.284" maxSpeed="fisk(4.40, 4.63, 2.74)" decel="0.053" speedDev="0.000" speedFactor="4.000" vClass="bicycle">
            <param key="has.fcd.device" value="true"/>
        </vType>
        <vType id="vehDist52" accel="0.494" maxSpeed="fisk(4.40, 4.63, 2.74)" decel="0.149" speedDev="0.000" speedFactor="4.000" vClass="bicycle">
            <param key="has.fcd.device" value="true"/>
        </vType>
        <vType id="vehDist53" accel="1.038" maxSpeed="fisk(4.40, 4.63, 2.74)" decel="0.193" speedDev="0.000" speedFactor="4.000" vClass="bicycle">
            <param key="has.fcd.device" value="true"/>
        </vType>
        <vType id="vehDist54" accel="0.765" maxSpeed="fisk(4.40, 4.63, 2.74)" decel="0.198" speedDev="0.000" speedFactor="4.000" vClass="bicycle">
            <param key="has.fcd.device" value="true"/>
        </vType>
        <vType id="vehDist55" accel="0.831" maxSpeed="fisk(4.40, 4.63, 2.74)" decel="0.190" speedDev="0.000" speedFactor="4.000" vClass="bicycle">
            <param key="has.fcd.device" value="true"/>
        </vType>
        <vType id="vehDist56" accel="1.183" maxSpeed="fisk(4.40, 4.63, 2.74)" decel="0.072" speedDev="0.000" speedFactor="4.000" vClass="bicycle">
            <param key="has.fcd.device" value="true"/>
        </vType>
        <vType id="vehDist57" accel="1.008" maxSpeed="fisk(4.40, 4.63, 2.74)" decel="0.700" speedDev="0.000" speedFactor="4.000" vClass="bicycle">
            <param key="has.fcd.device" value="true"/>
        </vType>
        <vType id="vehDist58" accel="1.090" maxSpeed="fisk(4.40, 4.63, 2.74)" decel="0.745" speedDev="0.000" speedFactor="4.000" vClass="bicycle">
            <param key="has.fcd.device" value="true"/>
        </vType>
        <vType id="vehDist59" accel="1.465" maxSpeed="fisk(4.40, 4.63, 2.74)" decel="0.547" speedDev="0.000" speedFactor="4.000" vClass="bicycle">
            <param key="has.fcd.device" value="true"/>
        </vType>
        <vType id="vehDist60" accel="0.346" maxSpeed="fisk(4.40, 4.63, 2.74)" decel="0.135" speedDev="0.000" speedFactor="4.000" vClass="bicycle">
            <param key="has.fcd.device" value="true"/>
        </vType>
        <vType id="vehDist61" accel="1.260" maxSpeed="fisk(4.40, 4.63, 2.74)" decel="0.540" speedDev="0.000" speedFactor="4.000" vClass="bicycle">
            <param key="has.fcd.device" value="true"/>
        </vType>
        <vType id="vehDist62" accel="1.376" maxSpeed="fisk(4.40, 4.63, 2.74)" decel="0.693" speedDev="0.000" speedFactor="4.000" vClass="bicycle">
            <param key="has.fcd.device" value="true"/>
        </vType>
        <vType id="vehDist63" accel="1.285" maxSpeed="fisk(4.40, 4.63, 2.74)" decel="0.517" speedDev="0.000" speedFactor="4.000" vClass="bicycle">
            <param key="has.fcd.device" value="true"/>
        </vType>
        <vType id="vehDist64" accel="0.594" maxSpeed="fisk(4.40, 4.63, 2.74)" decel="0.276" speedDev="0.000" speedFactor="4.000" vClass="bicycle">
            <param key="has.fcd.device" value="true"/>
        </vType>
        <vType id="vehDist65" accel="0.409" maxSpeed="fisk(4.40, 4.63, 2.74)" decel="0.390" speedDev="0.000" speedFactor="4.000" vClass="bicycle">
            <param key="has.fcd.device" value="true"/>
        </vType>
        <vType id="vehDist66" accel="1.013" maxSpeed="fisk(4.40, 4.63, 2.74)" decel="0.238" speedDev="0.000" speedFactor="4.000" vClass="bicycle">
            <param key="has.fcd.device" value="true"/>
        </vType>
        <vType id="vehDist67" accel="0.704" maxSpeed="fisk(4.40, 4.63, 2.74)" decel="0.735" speedDev="0.000" speedFactor="4.000" vClass="bicycle">
            <param key="has.fcd.device" value="true"/>
        </vType>
        <vType id="vehDist68" accel="1.013" maxSpeed="fisk(4.40, 4.63, 2.74)" decel="0.484" speedDev="0.000" speedFactor="4.000" vClass="bicycle">
            <param key="has.fcd.device" value="true"/>
        </vType>
        <vType id="vehDist69" accel="1.007" maxSpeed="fisk(4.40, 4.63, 2.74)" decel="0.723" speedDev="0.000" speedFactor="4.000" vClass="bicycle">
            <param key="has.fcd.device" value="true"/>
        </vType>
        <vType id="vehDist70" accel="0.605" maxSpeed="fisk(4.40, 4.63, 2.74)" decel="0.071" speedDev="0.000" speedFactor="4.000" vClass="bicycle">
            <param key="has.fcd.device" value="true"/>
        </vType>
        <vType id="vehDist71" accel="1.422" maxSpeed="fisk(4.40, 4.63, 2.74)" decel="0.230" speedDev="0.000" speedFactor="4.000" vClass="bicycle">
            <param key="has.fcd.device" value="true"/>
        </vType>
        <vType id="vehDist72" accel="0.921" maxSpeed="fisk(4.40, 4.63, 2.74)" decel="0.259" speedDev="0.000" speedFactor="4.000" vClass="bicycle">
            <param key="has.fcd.device" value="true"/>
        </vType>
        <vType id="vehDist73" accel="1.304" maxSpeed="fisk(4.40, 4.63, 2.74)" decel="0.161" speedDev="0.000" speedFactor="4.000" vClass="bicycle">
            <param key="has.fcd.device" value="true"/>
        </vType>
        <vType id="vehDist74" accel="0.374" maxSpeed="fisk(4.40, 4.63, 2.74)" decel="0.212" speedDev="0.000" speedFactor="4.000" vClass="bicycle">
            <param key="has.fcd.device" value="true"/>
        </vType>
        <vType id="vehDist75" accel="0.789" maxSpeed="fisk(4.40, 4.63, 2.74)" decel="0.405" speedDev="0.000" speedFactor="4.000" vClass="bicycle">
            <param key="has.fcd.device" value="true"/>
        </vType>
        <vType id="vehDist76" accel="0.959" maxSpeed="fisk(4.40, 4.63, 2.74)" decel="0.322" speedDev="0.000" speedFactor="4.000" vClass="bicycle">
            <param key="has.fcd.device" value="true"/>
        </vType>
        <vType id="vehDist77" accel="0.356" maxSpeed="fisk(4.40, 4.63, 2.74)" decel="0.582" speedDev="0.000" speedFactor="4.000" vClass="bicycle">
            <param key="has.fcd.device" value="true"/>
        </vType>
        <vType id="vehDist78" accel="0.464" maxSpeed="fisk(4.40, 4.63, 2.74)" decel="0.109" speedDev="0.000" speedFactor="4.000" vClass="bicycle">
            <param key="has.fcd.device" value="true"/>
        </vType>
        <vType id="vehDist79" accel="0.975" maxSpeed="fisk(4.40, 4.63, 2.74)" decel="0.401" speedDev="0.000" speedFactor="4.000" vClass="bicycle">
            <param key="has.fcd.device" value="true"/>
        </vType>
        <vType id="vehDist80" accel="1.031" maxSpeed="fisk(4.40, 4.63, 2.74)" decel="0.173" speedDev="0.000" speedFactor="4.000" vClass="bicycle">
            <param key="has.fcd.device" value="true"/>
        </vType>
        <vType id="vehDist81" accel="1.290" maxSpeed="fisk(4.40, 4.63, 2.74)" decel="0.386" speedDev="0.000" speedFactor="4.000" vClass="bicycle">
            <param key="has.fcd.device" value="true"/>
        </vType>
        <vType id="vehDist82" accel="0.992" maxSpeed="fisk(4.40, 4.63, 2.74)" decel="0.389" speedDev="0.000" speedFactor="4.000" vClass="bicycle">
            <param key="has.fcd.device" value="true"/>
        </vType>
        <vType id="vehDist83" accel="0.827" maxSpeed="fisk(4.40, 4.63, 2.74)" decel="0.644" speedDev="0.000" speedFactor="4.000" vClass="bicycle">
            <param key="has.fcd.device" value="true"/>
        </vType>
        <vType id="vehDist84" accel="1.476" maxSpeed="fisk(4.40, 4.63, 2.74)" decel="0.706" speedDev="0.000" speedFactor="4.000" vClass="bicycle">
            <param key="has.fcd.device" value="true"/>
        </vType>
        <vType id="vehDist85" accel="0.488" maxSpeed="fisk(4.40, 4.63, 2.74)" decel="0.504" speedDev="0.000" speedFactor="4.000" vClass="bicycle">
            <param key="has.fcd.device" value="true"/>
        </vType>
        <vType id="vehDist86" accel="0.417" maxSpeed="fisk(4.40, 4.63, 2.74)" decel="0.244" speedDev="0.000" speedFactor="4.000" vClass="bicycle">
            <param key="has.fcd.device" value="true"/>
        </vType>
        <vType id="vehDist87" accel="0.567" maxSpeed="fisk(4.40, 4.63, 2.74)" decel="0.154" speedDev="0.000" speedFactor="4.000" vClass="bicycle">
            <param key="has.fcd.device" value="true"/>
        </vType>
        <vType id="vehDist88" accel="0.499" maxSpeed="fisk(4.40, 4.63, 2.74)" decel="0.352" speedDev="0.000" speedFactor="4.000" vClass="bicycle">
            <param key="has.fcd.device" value="true"/>
        </vType>
        <vType id="vehDist89" accel="0.595" maxSpeed="fisk(4.40, 4.63, 2.74)" decel="0.177" speedDev="0.000" speedFactor="4.000" vClass="bicycle">
            <param key="has.fcd.device" value="true"/>
        </vType>
        <vType id="vehDist90" accel="1.059" maxSpeed="fisk(4.40, 4.63, 2.74)" decel="0.624" speedDev="0.000" speedFactor="4.000" vClass="bicycle">
            <param key="has.fcd.device" value="true"/>
        </vType>
        <vType id="vehDist91" accel="0.368" maxSpeed="fisk(4.40, 4.63, 2.74)" decel="0.247" speedDev="0.000" speedFactor="4.000" vClass="bicycle">
            <param key="has.fcd.device" value="true"/>
        </vType>
        <vType id="vehDist92" accel="1.219" maxSpeed="fisk(4.40, 4.63, 2.74)" decel="0.794" speedDev="0.000" speedFactor="4.000" vClass="bicycle">
            <param key="has.fcd.device" value="true"/>
        </vType>
        <vType id="vehDist93" accel="0.469" maxSpeed="fisk(4.40, 4.63, 2.74)" decel="0.650" speedDev="0.000" speedFactor="4.000" vClass="bicycle">
            <param key="has.fcd.device" value="true"/>
        </vType>
        <vType id="vehDist94" accel="0.427" maxSpeed="fisk(4.40, 4.63, 2.74)" decel="0.236" speedDev="0.000" speedFactor="4.000" vClass="bicycle">
            <param key="has.fcd.device" value="true"/>
        </vType>
        <vType id="vehDist95" accel="1.037" maxSpeed="fisk(4.40, 4.63, 2.74)" decel="0.059" speedDev="0.000" speedFactor="4.000" vClass="bicycle">
            <param key="has.fcd.device" value="true"/>
        </vType>
        <vType id="vehDist96" accel="0.942" maxSpeed="fisk(4.40, 4.63, 2.74)" decel="0.550" speedDev="0.000" speedFactor="4.000" vClass="bicycle">
            <param key="has.fcd.device" value="true"/>
        </vType>
        <vType id="vehDist97" accel="1.024" maxSpeed="fisk(4.40, 4.63, 2.74)" decel="0.352" speedDev="0.000" speedFactor="4.000" vClass="bicycle">
            <param key="has.fcd.device" value="true"/>
        </vType>
        <vType id="vehDist98" accel="0.461" maxSpeed="fisk(4.40, 4.63, 2.74)" decel="0.703" speedDev="0.000" speedFactor="4.000" vClass="bicycle">
            <param key="has.fcd.device" value="true"/>
        </vType>
        <vType id="vehDist99" accel="1.011" maxSpeed="fisk(4.40, 4.63, 2.74)" decel="0.316" speedDev="0.000" speedFactor="4.000" vClass="bicycle">
            <param key="has.fcd.device" value="true"/>
        </vType>
    </vTypeDistribution>
</additional>
