<additional xmlns:xsi="http://www.w3.org/2001/XMLSchema-instance" xsi:noNamespaceSchemaLocation="http://sumo.dlr.de/xsd/additional_file.xsd">
    <vTypeDistribution id="vehDist">
        <vType id="vehDist0" accel="johnsonsu(0.98, 0.63, 0.19)" maxSpeed="nct(3.56, 0.85, 4.97, 0.9)" decel="0.340" speedDev="0.000" speedFactor="4.000" vClass="bicycle">
            <param key="has.fcd.device" value="true"/>
        </vType>
        <vType id="vehDist1" accel="johnsonsu(0.98, 0.63, 0.19)" maxSpeed="nct(3.56, 0.85, 4.97, 0.9)" decel="0.117" speedDev="0.000" speedFactor="4.000" vClass="bicycle">
            <param key="has.fcd.device" value="true"/>
        </vType>
        <vType id="vehDist2" accel="johnsonsu(0.98, 0.63, 0.19)" maxSpeed="nct(3.56, 0.85, 4.97, 0.9)" decel="0.186" speedDev="0.000" speedFactor="4.000" vClass="bicycle">
            <param key="has.fcd.device" value="true"/>
        </vType>
        <vType id="vehDist3" accel="johnsonsu(0.98, 0.63, 0.19)" maxSpeed="nct(3.56, 0.85, 4.97, 0.9)" decel="0.273" speedDev="0.000" speedFactor="4.000" vClass="bicycle">
            <param key="has.fcd.device" value="true"/>
        </vType>
        <vType id="vehDist4" accel="johnsonsu(0.98, 0.63, 0.19)" maxSpeed="nct(3.56, 0.85, 4.97, 0.9)" decel="0.678" speedDev="0.000" speedFactor="4.000" vClass="bicycle">
            <param key="has.fcd.device" value="true"/>
        </vType>
        <vType id="vehDist5" accel="johnsonsu(0.98, 0.63, 0.19)" maxSpeed="nct(3.56, 0.85, 4.97, 0.9)" decel="0.706" speedDev="0.000" speedFactor="4.000" vClass="bicycle">
            <param key="has.fcd.device" value="true"/>
        </vType>
        <vType id="vehDist6" accel="johnsonsu(0.98, 0.63, 0.19)" maxSpeed="nct(3.56, 0.85, 4.97, 0.9)" decel="0.083" speedDev="0.000" speedFactor="4.000" vClass="bicycle">
            <param key="has.fcd.device" value="true"/>
        </vType>
        <vType id="vehDist7" accel="johnsonsu(0.98, 0.63, 0.19)" maxSpeed="nct(3.56, 0.85, 4.97, 0.9)" decel="0.391" speedDev="0.000" speedFactor="4.000" vClass="bicycle">
            <param key="has.fcd.device" value="true"/>
        </vType>
        <vType id="vehDist8" accel="johnsonsu(0.98, 0.63, 0.19)" maxSpeed="nct(3.56, 0.85, 4.97, 0.9)" decel="0.153" speedDev="0.000" speedFactor="4.000" vClass="bicycle">
            <param key="has.fcd.device" value="true"/>
        </vType>
        <vType id="vehDist9" accel="johnsonsu(0.98, 0.63, 0.19)" maxSpeed="nct(3.56, 0.85, 4.97, 0.9)" decel="0.350" speedDev="0.000" speedFactor="4.000" vClass="bicycle">
            <param key="has.fcd.device" value="true"/>
        </vType>
        <vType id="vehDist10" accel="johnsonsu(0.98, 0.63, 0.19)" maxSpeed="nct(3.56, 0.85, 4.97, 0.9)" decel="0.073" speedDev="0.000" speedFactor="4.000" vClass="bicycle">
            <param key="has.fcd.device" value="true"/>
        </vType>
        <vType id="vehDist11" accel="johnsonsu(0.98, 0.63, 0.19)" maxSpeed="nct(3.56, 0.85, 4.97, 0.9)" decel="0.566" speedDev="0.000" speedFactor="4.000" vClass="bicycle">
            <param key="has.fcd.device" value="true"/>
        </vType>
        <vType id="vehDist12" accel="johnsonsu(0.98, 0.63, 0.19)" maxSpeed="nct(3.56, 0.85, 4.97, 0.9)" decel="0.733" speedDev="0.000" speedFactor="4.000" vClass="bicycle">
            <param key="has.fcd.device" value="true"/>
        </vType>
        <vType id="vehDist13" accel="johnsonsu(0.98, 0.63, 0.19)" maxSpeed="nct(3.56, 0.85, 4.97, 0.9)" decel="0.709" speedDev="0.000" speedFactor="4.000" vClass="bicycle">
            <param key="has.fcd.device" value="true"/>
        </vType>
        <vType id="vehDist14" accel="johnsonsu(0.98, 0.63, 0.19)" maxSpeed="nct(3.56, 0.85, 4.97, 0.9)" decel="0.171" speedDev="0.000" speedFactor="4.000" vClass="bicycle">
            <param key="has.fcd.device" value="true"/>
        </vType>
        <vType id="vehDist15" accel="johnsonsu(0.98, 0.63, 0.19)" maxSpeed="nct(3.56, 0.85, 4.97, 0.9)" decel="0.268" speedDev="0.000" speedFactor="4.000" vClass="bicycle">
            <param key="has.fcd.device" value="true"/>
        </vType>
        <vType id="vehDist16" accel="johnsonsu(0.98, 0.63, 0.19)" maxSpeed="nct(3.56, 0.85, 4.97, 0.9)" decel="0.303" speedDev="0.000" speedFactor="4.000" vClass="bicycle">
            <param key="has.fcd.device" value="true"/>
        </vType>
        <vType id="vehDist17" accel="johnsonsu(0.98, 0.63, 0.19)" maxSpeed="nct(3.56, 0.85, 4.97, 0.9)" decel="0.492" speedDev="0.000" speedFactor="4.000" vClass="bicycle">
            <param key="has.fcd.device" value="true"/>
        </vType>
        <vType id="vehDist18" accel="johnsonsu(0.98, 0.63, 0.19)" maxSpeed="nct(3.56, 0.85, 4.97, 0.9)" decel="0.217" speedDev="0.000" speedFactor="4.000" vClass="bicycle">
            <param key="has.fcd.device" value="true"/>
        </vType>
        <vType id="vehDist19" accel="johnsonsu(0.98, 0.63, 0.19)" maxSpeed="nct(3.56, 0.85, 4.97, 0.9)" decel="0.597" speedDev="0.000" speedFactor="4.000" vClass="bicycle">
            <param key="has.fcd.device" value="true"/>
        </vType>
        <vType id="vehDist20" accel="johnsonsu(0.98, 0.63, 0.19)" maxSpeed="nct(3.56, 0.85, 4.97, 0.9)" decel="0.223" speedDev="0.000" speedFactor="4.000" vClass="bicycle">
            <param key="has.fcd.device" value="true"/>
        </vType>
        <vType id="vehDist21" accel="johnsonsu(0.98, 0.63, 0.19)" maxSpeed="nct(3.56, 0.85, 4.97, 0.9)" decel="0.477" speedDev="0.000" speedFactor="4.000" vClass="bicycle">
            <param key="has.fcd.device" value="true"/>
        </vType>
        <vType id="vehDist22" accel="johnsonsu(0.98, 0.63, 0.19)" maxSpeed="nct(3.56, 0.85, 4.97, 0.9)" decel="0.080" speedDev="0.000" speedFactor="4.000" vClass="bicycle">
            <param key="has.fcd.device" value="true"/>
        </vType>
        <vType id="vehDist23" accel="johnsonsu(0.98, 0.63, 0.19)" maxSpeed="nct(3.56, 0.85, 4.97, 0.9)" decel="0.118" speedDev="0.000" speedFactor="4.000" vClass="bicycle">
            <param key="has.fcd.device" value="true"/>
        </vType>
        <vType id="vehDist24" accel="johnsonsu(0.98, 0.63, 0.19)" maxSpeed="nct(3.56, 0.85, 4.97, 0.9)" decel="0.734" speedDev="0.000" speedFactor="4.000" vClass="bicycle">
            <param key="has.fcd.device" value="true"/>
        </vType>
        <vType id="vehDist25" accel="johnsonsu(0.98, 0.63, 0.19)" maxSpeed="nct(3.56, 0.85, 4.97, 0.9)" decel="0.383" speedDev="0.000" speedFactor="4.000" vClass="bicycle">
            <param key="has.fcd.device" value="true"/>
        </vType>
        <vType id="vehDist26" accel="johnsonsu(0.98, 0.63, 0.19)" maxSpeed="nct(3.56, 0.85, 4.97, 0.9)" decel="0.197" speedDev="0.000" speedFactor="4.000" vClass="bicycle">
            <param key="has.fcd.device" value="true"/>
        </vType>
        <vType id="vehDist27" accel="johnsonsu(0.98, 0.63, 0.19)" maxSpeed="nct(3.56, 0.85, 4.97, 0.9)" decel="0.512" speedDev="0.000" speedFactor="4.000" vClass="bicycle">
            <param key="has.fcd.device" value="true"/>
        </vType>
        <vType id="vehDist28" accel="johnsonsu(0.98, 0.63, 0.19)" maxSpeed="nct(3.56, 0.85, 4.97, 0.9)" decel="0.206" speedDev="0.000" speedFactor="4.000" vClass="bicycle">
            <param key="has.fcd.device" value="true"/>
        </vType>
        <vType id="vehDist29" accel="johnsonsu(0.98, 0.63, 0.19)" maxSpeed="nct(3.56, 0.85, 4.97, 0.9)" decel="0.424" speedDev="0.000" speedFactor="4.000" vClass="bicycle">
            <param key="has.fcd.device" value="true"/>
        </vType>
        <vType id="vehDist30" accel="johnsonsu(0.98, 0.63, 0.19)" maxSpeed="nct(3.56, 0.85, 4.97, 0.9)" decel="0.050" speedDev="0.000" speedFactor="4.000" vClass="bicycle">
            <param key="has.fcd.device" value="true"/>
        </vType>
        <vType id="vehDist31" accel="johnsonsu(0.98, 0.63, 0.19)" maxSpeed="nct(3.56, 0.85, 4.97, 0.9)" decel="0.562" speedDev="0.000" speedFactor="4.000" vClass="bicycle">
            <param key="has.fcd.device" value="true"/>
        </vType>
        <vType id="vehDist32" accel="johnsonsu(0.98, 0.63, 0.19)" maxSpeed="nct(3.56, 0.85, 4.97, 0.9)" decel="0.082" speedDev="0.000" speedFactor="4.000" vClass="bicycle">
            <param key="has.fcd.device" value="true"/>
        </vType>
        <vType id="vehDist33" accel="johnsonsu(0.98, 0.63, 0.19)" maxSpeed="nct(3.56, 0.85, 4.97, 0.9)" decel="0.472" speedDev="0.000" speedFactor="4.000" vClass="bicycle">
            <param key="has.fcd.device" value="true"/>
        </vType>
        <vType id="vehDist34" accel="johnsonsu(0.98, 0.63, 0.19)" maxSpeed="nct(3.56, 0.85, 4.97, 0.9)" decel="0.459" speedDev="0.000" speedFactor="4.000" vClass="bicycle">
            <param key="has.fcd.device" value="true"/>
        </vType>
        <vType id="vehDist35" accel="johnsonsu(0.98, 0.63, 0.19)" maxSpeed="nct(3.56, 0.85, 4.97, 0.9)" decel="0.591" speedDev="0.000" speedFactor="4.000" vClass="bicycle">
            <param key="has.fcd.device" value="true"/>
        </vType>
        <vType id="vehDist36" accel="johnsonsu(0.98, 0.63, 0.19)" maxSpeed="nct(3.56, 0.85, 4.97, 0.9)" decel="0.396" speedDev="0.000" speedFactor="4.000" vClass="bicycle">
            <param key="has.fcd.device" value="true"/>
        </vType>
        <vType id="vehDist37" accel="johnsonsu(0.98, 0.63, 0.19)" maxSpeed="nct(3.56, 0.85, 4.97, 0.9)" decel="0.402" speedDev="0.000" speedFactor="4.000" vClass="bicycle">
            <param key="has.fcd.device" value="true"/>
        </vType>
        <vType id="vehDist38" accel="johnsonsu(0.98, 0.63, 0.19)" maxSpeed="nct(3.56, 0.85, 4.97, 0.9)" decel="0.268" speedDev="0.000" speedFactor="4.000" vClass="bicycle">
            <param key="has.fcd.device" value="true"/>
        </vType>
        <vType id="vehDist39" accel="johnsonsu(0.98, 0.63, 0.19)" maxSpeed="nct(3.56, 0.85, 4.97, 0.9)" decel="0.302" speedDev="0.000" speedFactor="4.000" vClass="bicycle">
            <param key="has.fcd.device" value="true"/>
        </vType>
        <vType id="vehDist40" accel="johnsonsu(0.98, 0.63, 0.19)" maxSpeed="nct(3.56, 0.85, 4.97, 0.9)" decel="0.361" speedDev="0.000" speedFactor="4.000" vClass="bicycle">
            <param key="has.fcd.device" value="true"/>
        </vType>
        <vType id="vehDist41" accel="johnsonsu(0.98, 0.63, 0.19)" maxSpeed="nct(3.56, 0.85, 4.97, 0.9)" decel="0.332" speedDev="0.000" speedFactor="4.000" vClass="bicycle">
            <param key="has.fcd.device" value="true"/>
        </vType>
        <vType id="vehDist42" accel="johnsonsu(0.98, 0.63, 0.19)" maxSpeed="nct(3.56, 0.85, 4.97, 0.9)" decel="0.225" speedDev="0.000" speedFactor="4.000" vClass="bicycle">
            <param key="has.fcd.device" value="true"/>
        </vType>
        <vType id="vehDist43" accel="johnsonsu(0.98, 0.63, 0.19)" maxSpeed="nct(3.56, 0.85, 4.97, 0.9)" decel="0.523" speedDev="0.000" speedFactor="4.000" vClass="bicycle">
            <param key="has.fcd.device" value="true"/>
        </vType>
        <vType id="vehDist44" accel="johnsonsu(0.98, 0.63, 0.19)" maxSpeed="nct(3.56, 0.85, 4.97, 0.9)" decel="0.698" speedDev="0.000" speedFactor="4.000" vClass="bicycle">
            <param key="has.fcd.device" value="true"/>
        </vType>
        <vType id="vehDist45" accel="johnsonsu(0.98, 0.63, 0.19)" maxSpeed="nct(3.56, 0.85, 4.97, 0.9)" decel="0.492" speedDev="0.000" speedFactor="4.000" vClass="bicycle">
            <param key="has.fcd.device" value="true"/>
        </vType>
        <vType id="vehDist46" accel="johnsonsu(0.98, 0.63, 0.19)" maxSpeed="nct(3.56, 0.85, 4.97, 0.9)" decel="0.120" speedDev="0.000" speedFactor="4.000" vClass="bicycle">
            <param key="has.fcd.device" value="true"/>
        </vType>
        <vType id="vehDist47" accel="johnsonsu(0.98, 0.63, 0.19)" maxSpeed="nct(3.56, 0.85, 4.97, 0.9)" decel="0.283" speedDev="0.000" speedFactor="4.000" vClass="bicycle">
            <param key="has.fcd.device" value="true"/>
        </vType>
        <vType id="vehDist48" accel="johnsonsu(0.98, 0.63, 0.19)" maxSpeed="nct(3.56, 0.85, 4.97, 0.9)" decel="0.147" speedDev="0.000" speedFactor="4.000" vClass="bicycle">
            <param key="has.fcd.device" value="true"/>
        </vType>
        <vType id="vehDist49" accel="johnsonsu(0.98, 0.63, 0.19)" maxSpeed="nct(3.56, 0.85, 4.97, 0.9)" decel="0.616" speedDev="0.000" speedFactor="4.000" vClass="bicycle">
            <param key="has.fcd.device" value="true"/>
        </vType>
        <vType id="vehDist50" accel="johnsonsu(0.98, 0.63, 0.19)" maxSpeed="nct(3.56, 0.85, 4.97, 0.9)" decel="0.181" speedDev="0.000" speedFactor="4.000" vClass="bicycle">
            <param key="has.fcd.device" value="true"/>
        </vType>
        <vType id="vehDist51" accel="johnsonsu(0.98, 0.63, 0.19)" maxSpeed="nct(3.56, 0.85, 4.97, 0.9)" decel="0.500" speedDev="0.000" speedFactor="4.000" vClass="bicycle">
            <param key="has.fcd.device" value="true"/>
        </vType>
        <vType id="vehDist52" accel="johnsonsu(0.98, 0.63, 0.19)" maxSpeed="nct(3.56, 0.85, 4.97, 0.9)" decel="0.084" speedDev="0.000" speedFactor="4.000" vClass="bicycle">
            <param key="has.fcd.device" value="true"/>
        </vType>
        <vType id="vehDist53" accel="johnsonsu(0.98, 0.63, 0.19)" maxSpeed="nct(3.56, 0.85, 4.97, 0.9)" decel="0.646" speedDev="0.000" speedFactor="4.000" vClass="bicycle">
            <param key="has.fcd.device" value="true"/>
        </vType>
        <vType id="vehDist54" accel="johnsonsu(0.98, 0.63, 0.19)" maxSpeed="nct(3.56, 0.85, 4.97, 0.9)" decel="0.548" speedDev="0.000" speedFactor="4.000" vClass="bicycle">
            <param key="has.fcd.device" value="true"/>
        </vType>
        <vType id="vehDist55" accel="johnsonsu(0.98, 0.63, 0.19)" maxSpeed="nct(3.56, 0.85, 4.97, 0.9)" decel="0.228" speedDev="0.000" speedFactor="4.000" vClass="bicycle">
            <param key="has.fcd.device" value="true"/>
        </vType>
        <vType id="vehDist56" accel="johnsonsu(0.98, 0.63, 0.19)" maxSpeed="nct(3.56, 0.85, 4.97, 0.9)" decel="0.599" speedDev="0.000" speedFactor="4.000" vClass="bicycle">
            <param key="has.fcd.device" value="true"/>
        </vType>
        <vType id="vehDist57" accel="johnsonsu(0.98, 0.63, 0.19)" maxSpeed="nct(3.56, 0.85, 4.97, 0.9)" decel="0.786" speedDev="0.000" speedFactor="4.000" vClass="bicycle">
            <param key="has.fcd.device" value="true"/>
        </vType>
        <vType id="vehDist58" accel="johnsonsu(0.98, 0.63, 0.19)" maxSpeed="nct(3.56, 0.85, 4.97, 0.9)" decel="0.476" speedDev="0.000" speedFactor="4.000" vClass="bicycle">
            <param key="has.fcd.device" value="true"/>
        </vType>
        <vType id="vehDist59" accel="johnsonsu(0.98, 0.63, 0.19)" maxSpeed="nct(3.56, 0.85, 4.97, 0.9)" decel="0.284" speedDev="0.000" speedFactor="4.000" vClass="bicycle">
            <param key="has.fcd.device" value="true"/>
        </vType>
        <vType id="vehDist60" accel="johnsonsu(0.98, 0.63, 0.19)" maxSpeed="nct(3.56, 0.85, 4.97, 0.9)" decel="0.222" speedDev="0.000" speedFactor="4.000" vClass="bicycle">
            <param key="has.fcd.device" value="true"/>
        </vType>
        <vType id="vehDist61" accel="johnsonsu(0.98, 0.63, 0.19)" maxSpeed="nct(3.56, 0.85, 4.97, 0.9)" decel="0.464" speedDev="0.000" speedFactor="4.000" vClass="bicycle">
            <param key="has.fcd.device" value="true"/>
        </vType>
        <vType id="vehDist62" accel="johnsonsu(0.98, 0.63, 0.19)" maxSpeed="nct(3.56, 0.85, 4.97, 0.9)" decel="0.268" speedDev="0.000" speedFactor="4.000" vClass="bicycle">
            <param key="has.fcd.device" value="true"/>
        </vType>
        <vType id="vehDist63" accel="johnsonsu(0.98, 0.63, 0.19)" maxSpeed="nct(3.56, 0.85, 4.97, 0.9)" decel="0.192" speedDev="0.000" speedFactor="4.000" vClass="bicycle">
            <param key="has.fcd.device" value="true"/>
        </vType>
        <vType id="vehDist64" accel="johnsonsu(0.98, 0.63, 0.19)" maxSpeed="nct(3.56, 0.85, 4.97, 0.9)" decel="0.064" speedDev="0.000" speedFactor="4.000" vClass="bicycle">
            <param key="has.fcd.device" value="true"/>
        </vType>
        <vType id="vehDist65" accel="johnsonsu(0.98, 0.63, 0.19)" maxSpeed="nct(3.56, 0.85, 4.97, 0.9)" decel="0.393" speedDev="0.000" speedFactor="4.000" vClass="bicycle">
            <param key="has.fcd.device" value="true"/>
        </vType>
        <vType id="vehDist66" accel="johnsonsu(0.98, 0.63, 0.19)" maxSpeed="nct(3.56, 0.85, 4.97, 0.9)" decel="0.638" speedDev="0.000" speedFactor="4.000" vClass="bicycle">
            <param key="has.fcd.device" value="true"/>
        </vType>
        <vType id="vehDist67" accel="johnsonsu(0.98, 0.63, 0.19)" maxSpeed="nct(3.56, 0.85, 4.97, 0.9)" decel="0.071" speedDev="0.000" speedFactor="4.000" vClass="bicycle">
            <param key="has.fcd.device" value="true"/>
        </vType>
        <vType id="vehDist68" accel="johnsonsu(0.98, 0.63, 0.19)" maxSpeed="nct(3.56, 0.85, 4.97, 0.9)" decel="0.555" speedDev="0.000" speedFactor="4.000" vClass="bicycle">
            <param key="has.fcd.device" value="true"/>
        </vType>
        <vType id="vehDist69" accel="johnsonsu(0.98, 0.63, 0.19)" maxSpeed="nct(3.56, 0.85, 4.97, 0.9)" decel="0.571" speedDev="0.000" speedFactor="4.000" vClass="bicycle">
            <param key="has.fcd.device" value="true"/>
        </vType>
        <vType id="vehDist70" accel="johnsonsu(0.98, 0.63, 0.19)" maxSpeed="nct(3.56, 0.85, 4.97, 0.9)" decel="0.524" speedDev="0.000" speedFactor="4.000" vClass="bicycle">
            <param key="has.fcd.device" value="true"/>
        </vType>
        <vType id="vehDist71" accel="johnsonsu(0.98, 0.63, 0.19)" maxSpeed="nct(3.56, 0.85, 4.97, 0.9)" decel="0.113" speedDev="0.000" speedFactor="4.000" vClass="bicycle">
            <param key="has.fcd.device" value="true"/>
        </vType>
        <vType id="vehDist72" accel="johnsonsu(0.98, 0.63, 0.19)" maxSpeed="nct(3.56, 0.85, 4.97, 0.9)" decel="0.751" speedDev="0.000" speedFactor="4.000" vClass="bicycle">
            <param key="has.fcd.device" value="true"/>
        </vType>
        <vType id="vehDist73" accel="johnsonsu(0.98, 0.63, 0.19)" maxSpeed="nct(3.56, 0.85, 4.97, 0.9)" decel="0.283" speedDev="0.000" speedFactor="4.000" vClass="bicycle">
            <param key="has.fcd.device" value="true"/>
        </vType>
        <vType id="vehDist74" accel="johnsonsu(0.98, 0.63, 0.19)" maxSpeed="nct(3.56, 0.85, 4.97, 0.9)" decel="0.153" speedDev="0.000" speedFactor="4.000" vClass="bicycle">
            <param key="has.fcd.device" value="true"/>
        </vType>
        <vType id="vehDist75" accel="johnsonsu(0.98, 0.63, 0.19)" maxSpeed="nct(3.56, 0.85, 4.97, 0.9)" decel="0.423" speedDev="0.000" speedFactor="4.000" vClass="bicycle">
            <param key="has.fcd.device" value="true"/>
        </vType>
        <vType id="vehDist76" accel="johnsonsu(0.98, 0.63, 0.19)" maxSpeed="nct(3.56, 0.85, 4.97, 0.9)" decel="0.705" speedDev="0.000" speedFactor="4.000" vClass="bicycle">
            <param key="has.fcd.device" value="true"/>
        </vType>
        <vType id="vehDist77" accel="johnsonsu(0.98, 0.63, 0.19)" maxSpeed="nct(3.56, 0.85, 4.97, 0.9)" decel="0.100" speedDev="0.000" speedFactor="4.000" vClass="bicycle">
            <param key="has.fcd.device" value="true"/>
        </vType>
        <vType id="vehDist78" accel="johnsonsu(0.98, 0.63, 0.19)" maxSpeed="nct(3.56, 0.85, 4.97, 0.9)" decel="0.066" speedDev="0.000" speedFactor="4.000" vClass="bicycle">
            <param key="has.fcd.device" value="true"/>
        </vType>
        <vType id="vehDist79" accel="johnsonsu(0.98, 0.63, 0.19)" maxSpeed="nct(3.56, 0.85, 4.97, 0.9)" decel="0.447" speedDev="0.000" speedFactor="4.000" vClass="bicycle">
            <param key="has.fcd.device" value="true"/>
        </vType>
        <vType id="vehDist80" accel="johnsonsu(0.98, 0.63, 0.19)" maxSpeed="nct(3.56, 0.85, 4.97, 0.9)" decel="0.552" speedDev="0.000" speedFactor="4.000" vClass="bicycle">
            <param key="has.fcd.device" value="true"/>
        </vType>
        <vType id="vehDist81" accel="johnsonsu(0.98, 0.63, 0.19)" maxSpeed="nct(3.56, 0.85, 4.97, 0.9)" decel="0.091" speedDev="0.000" speedFactor="4.000" vClass="bicycle">
            <param key="has.fcd.device" value="true"/>
        </vType>
        <vType id="vehDist82" accel="johnsonsu(0.98, 0.63, 0.19)" maxSpeed="nct(3.56, 0.85, 4.97, 0.9)" decel="0.558" speedDev="0.000" speedFactor="4.000" vClass="bicycle">
            <param key="has.fcd.device" value="true"/>
        </vType>
        <vType id="vehDist83" accel="johnsonsu(0.98, 0.63, 0.19)" maxSpeed="nct(3.56, 0.85, 4.97, 0.9)" decel="0.424" speedDev="0.000" speedFactor="4.000" vClass="bicycle">
            <param key="has.fcd.device" value="true"/>
        </vType>
        <vType id="vehDist84" accel="johnsonsu(0.98, 0.63, 0.19)" maxSpeed="nct(3.56, 0.85, 4.97, 0.9)" decel="0.195" speedDev="0.000" speedFactor="4.000" vClass="bicycle">
            <param key="has.fcd.device" value="true"/>
        </vType>
        <vType id="vehDist85" accel="johnsonsu(0.98, 0.63, 0.19)" maxSpeed="nct(3.56, 0.85, 4.97, 0.9)" decel="0.338" speedDev="0.000" speedFactor="4.000" vClass="bicycle">
            <param key="has.fcd.device" value="true"/>
        </vType>
        <vType id="vehDist86" accel="johnsonsu(0.98, 0.63, 0.19)" maxSpeed="nct(3.56, 0.85, 4.97, 0.9)" decel="0.175" speedDev="0.000" speedFactor="4.000" vClass="bicycle">
            <param key="has.fcd.device" value="true"/>
        </vType>
        <vType id="vehDist87" accel="johnsonsu(0.98, 0.63, 0.19)" maxSpeed="nct(3.56, 0.85, 4.97, 0.9)" decel="0.092" speedDev="0.000" speedFactor="4.000" vClass="bicycle">
            <param key="has.fcd.device" value="true"/>
        </vType>
        <vType id="vehDist88" accel="johnsonsu(0.98, 0.63, 0.19)" maxSpeed="nct(3.56, 0.85, 4.97, 0.9)" decel="0.217" speedDev="0.000" speedFactor="4.000" vClass="bicycle">
            <param key="has.fcd.device" value="true"/>
        </vType>
        <vType id="vehDist89" accel="johnsonsu(0.98, 0.63, 0.19)" maxSpeed="nct(3.56, 0.85, 4.97, 0.9)" decel="0.431" speedDev="0.000" speedFactor="4.000" vClass="bicycle">
            <param key="has.fcd.device" value="true"/>
        </vType>
        <vType id="vehDist90" accel="johnsonsu(0.98, 0.63, 0.19)" maxSpeed="nct(3.56, 0.85, 4.97, 0.9)" decel="0.384" speedDev="0.000" speedFactor="4.000" vClass="bicycle">
            <param key="has.fcd.device" value="true"/>
        </vType>
        <vType id="vehDist91" accel="johnsonsu(0.98, 0.63, 0.19)" maxSpeed="nct(3.56, 0.85, 4.97, 0.9)" decel="0.208" speedDev="0.000" speedFactor="4.000" vClass="bicycle">
            <param key="has.fcd.device" value="true"/>
        </vType>
        <vType id="vehDist92" accel="johnsonsu(0.98, 0.63, 0.19)" maxSpeed="nct(3.56, 0.85, 4.97, 0.9)" decel="0.561" speedDev="0.000" speedFactor="4.000" vClass="bicycle">
            <param key="has.fcd.device" value="true"/>
        </vType>
        <vType id="vehDist93" accel="johnsonsu(0.98, 0.63, 0.19)" maxSpeed="nct(3.56, 0.85, 4.97, 0.9)" decel="0.093" speedDev="0.000" speedFactor="4.000" vClass="bicycle">
            <param key="has.fcd.device" value="true"/>
        </vType>
        <vType id="vehDist94" accel="johnsonsu(0.98, 0.63, 0.19)" maxSpeed="nct(3.56, 0.85, 4.97, 0.9)" decel="0.197" speedDev="0.000" speedFactor="4.000" vClass="bicycle">
            <param key="has.fcd.device" value="true"/>
        </vType>
        <vType id="vehDist95" accel="johnsonsu(0.98, 0.63, 0.19)" maxSpeed="nct(3.56, 0.85, 4.97, 0.9)" decel="0.488" speedDev="0.000" speedFactor="4.000" vClass="bicycle">
            <param key="has.fcd.device" value="true"/>
        </vType>
        <vType id="vehDist96" accel="johnsonsu(0.98, 0.63, 0.19)" maxSpeed="nct(3.56, 0.85, 4.97, 0.9)" decel="0.398" speedDev="0.000" speedFactor="4.000" vClass="bicycle">
            <param key="has.fcd.device" value="true"/>
        </vType>
        <vType id="vehDist97" accel="johnsonsu(0.98, 0.63, 0.19)" maxSpeed="nct(3.56, 0.85, 4.97, 0.9)" decel="0.213" speedDev="0.000" speedFactor="4.000" vClass="bicycle">
            <param key="has.fcd.device" value="true"/>
        </vType>
        <vType id="vehDist98" accel="johnsonsu(0.98, 0.63, 0.19)" maxSpeed="nct(3.56, 0.85, 4.97, 0.9)" decel="0.779" speedDev="0.000" speedFactor="4.000" vClass="bicycle">
            <param key="has.fcd.device" value="true"/>
        </vType>
        <vType id="vehDist99" accel="johnsonsu(0.98, 0.63, 0.19)" maxSpeed="nct(3.56, 0.85, 4.97, 0.9)" decel="0.508" speedDev="0.000" speedFactor="4.000" vClass="bicycle">
            <param key="has.fcd.device" value="true"/>
        </vType>
    </vTypeDistribution>
</additional>
